-6.891554798237875534e-01,4.118449409061206712e-01,4.815141411760119894e-01,-4.917881893701013807e-01,-5.297959568161737520e-01,1.102549111117322178e-01,-7.154305710977253152e-02,-7.135141199130582423e-01,2.913007219953697713e-01,1.893566602232565343e-01,-1.890410969671070807e-01,-2.173686886085043346e-01,5.414967639194611104e-01,-1.603275490748713450e-01,-3.698708910339739142e-01,2.822674622413056666e-01,-2.507599088969233447e-01,-6.878216904889147831e-02,-1.555193108832316484e-01,-1.628803554846818269e-01,-3.736135759086291475e-01,3.374637071536196742e-01,1.790286657700219108e-01,-3.851402987730637717e-01,-1.001426722914744299e-01,-4.884683879405161688e-01,3.227840806642380822e-01,9.516763861505693478e-02,-8.395027993626218155e-02,-2.651055816437841717e-01,1.150815874920109276e-02,-5.136063075597498973e-01,-7.695149478344173732e-02,1.223641323448045604e-01,-4.632348154300138243e-01,2.608946974605988456e-01,-1.690088269342340244e+00,3.580492742481287682e-01,-2.743330931526188898e-01,4.552425652283372676e-02,-2.375259955760823660e-01,3.929968918145321788e-01,-2.345242306505182506e-01,-5.228579254429758377e-02,-7.922121747478042542e-01,-6.685576860373518282e-02,3.546311545456196090e-02,-6.293065712038786730e-01,-5.536932646420843485e-01,2.407986724369392401e-02
1.180484257176798724e-01,1.663130992497098004e-01,3.745154762136060356e-01,-1.355585774419943546e+00,2.849188736953697787e-01,2.780067404546664456e-01,-2.200789451294497268e-01,-1.562162613157303814e-01,-3.295314205802287594e-02,-3.447079371826038963e-01,7.173005879487808212e-01,-1.691805098845127475e-01,-3.386837690621133934e-01,4.280231757124192682e-01,1.148582322711952097e-01,6.319045875390255640e-01,1.809839450462205970e-02,3.804700371516041013e-01,-7.428781163706434931e-01,1.207878440130039088e-01,1.882104918234026869e-01,-1.887590769723431483e-01,-5.895034456242064236e-01,3.390095897337512265e-01,4.099807042349624120e-01,-8.611246732938775406e-01,-2.821451053052857483e-01,7.530832003969812893e-01,6.818398858383606376e-01,2.327038046957884410e-01,-1.505242851897413414e-01,3.606011585488083648e-01,-2.454988376697226152e-02,-7.997774693963680126e-02,-9.124512769415578095e-01,5.209241044319580238e-01,-1.056797349759464877e-01,-2.456357859900515084e-01,5.380644365202191803e-01,3.600888796118464907e-01,-1.045068277410027419e-01,3.838986647660586615e-01,-4.181542020735714016e-01,3.291798155400728065e-01,7.292983381264779297e-01,2.087425601593967950e-01,-4.212819982274325636e-01,6.100876031890698492e-01,-9.817121929127228808e-02,-4.811589877699808393e-01
-3.839408226961235626e-02,-2.226121723300928668e-01,-2.755066961836604711e-01,-6.664143007005478569e-01,3.885519252766798243e-02,-4.956405020579068288e-01,-4.022116568379489610e-01,2.824019902099151880e-01,8.080868722435844420e-01,-7.974361830734432166e-01,-3.290214855552345830e-01,3.894116745436536076e-01,-2.686035149837949221e-01,2.603208886243517095e-01,7.692392864041740497e-01,-4.421167917125291141e-02,6.083166312254305597e-01,5.466264230352725351e-01,6.563206284445751715e-01,-3.496436365821901648e-01,6.485810998052567999e-01,-4.694322957469679314e-01,-3.280604579865896431e-02,-1.760448789985284701e-01,-1.423977110561882586e-01,-5.295485269707558285e-01,1.893185538505722243e-01,2.542657038867522368e-01,-2.964191231773293245e-01,2.398863037449723845e-01,-4.838774747933942688e-01,-2.093236019780344848e-01,4.077937389650307387e-01,1.651257155611808525e+00,4.976098207636466819e-01,1.500725936775729463e-01,-1.610786728383563349e-01,2.460505212635591965e-01,2.641018442796653765e-01,-3.730606207165747534e-01,2.486920072611630284e-01,2.257156117702656672e-01,-2.570310796912304574e-01,-1.046289043464545765e+00,1.167803431687251398e-01,-2.109363095836522817e-01,5.813703535386530730e-01,-1.403815481902324740e-02,1.006493707110455382e+00,-9.003225327798373978e-02
-6.939236935018930352e-02,5.849814636951905511e-01,6.074938916304994246e-02,1.897353241460806583e-01,1.310145049119706417e-01,4.699250666321828918e-02,-4.289355536102588684e-01,-7.269991758691617401e-01,-1.691462093632239427e-01,-3.606256994955371331e-01,4.083920861824532622e-01,-3.476997261763734026e-01,-2.382527853380359550e-01,-2.470052106365695499e-01,-2.631627622871668404e-01,1.877103162684330695e-01,3.904639544796780215e-01,5.087167880854041035e-01,-4.365804194013482853e-01,-6.460819279934479908e-01,1.257647908541855153e-01,-1.228211827044890514e+00,-1.367565397595732479e-01,-4.952360948572076538e-01,-9.640103614006420574e-02,2.141770585290477813e-01,3.705927967608080298e-01,-2.832370734942796786e-01,1.067181805297276603e-01,1.688833952199514377e-01,4.384500497504367766e-01,-1.683964940289134904e-01,3.110334737176903563e-01,-3.507346544049457782e-01,-3.812617929369837566e-01,-3.144518329668769541e-01,3.502378785425067642e-01,-2.857845862948570348e-01,-2.727440787347832352e-01,-3.437614220794169562e-01,-7.345767357858305757e-02,-4.932642717234761442e-01,-3.190801041624798939e-01,2.601843956307288708e-01,-6.048760368198901061e-01,-4.850895428477030036e-01,-2.123786842978811207e-01,4.488909147841519398e-01,5.510259048283845384e-01,-3.879693369840005457e-01
-3.231882294566198466e-01,-6.244588661280170427e-01,-7.019200018318763057e-01,-4.285366166522081022e-01,7.972030791430168017e-01,-2.532303369952711436e-01,8.518037744185730231e-01,-9.295836280685176867e-01,2.587585450988123537e-01,-1.148183950440363477e-01,-5.342015491806058058e-01,-1.310252072421556280e+00,-1.593851812132714985e-01,3.587343753867073826e-01,2.345181644494274686e-01,-3.262277851968375941e-01,1.838487732371452410e-01,1.178341354793395190e-01,1.286898509977882077e-01,3.302412382733216356e-01,2.748108962920828846e-01,1.291473686940447230e-01,-6.297842499656476356e-01,5.688524098969776066e-01,8.396317080187828408e-01,1.701765185809548525e-02,2.222393483380323831e-01,3.070847460527072886e-03,-2.705919521798442334e-02,-1.053961330402052587e-01,2.988763180243971251e-01,-4.211476654791103114e-01,1.250970092466198169e+00,-4.970574239923579718e-01,-5.507418365214785672e-01,2.874990315758256254e-01,3.556154036873402507e-02,-4.719284521289744683e-02,-6.800003532473577472e-01,5.508516489713786157e-01,3.995118338908023037e-01,4.174371618254296701e-01,6.791389104135144850e-01,2.557448660230590698e-01,1.400413227984358827e-02,-2.182876366497653875e-01,-7.160420349442176979e-01,5.941109511026763240e-02,-8.278722973305212285e-02,-2.189422854271467489e-01
-3.163978184223460999e-01,-1.994098557479891953e-01,3.045040155701316809e-01,-4.310652263925100480e-01,-4.306943483111398963e-01,3.760056094916607861e-01,-6.393616939109427744e-01,2.494414623627669025e-01,-3.032538115329783124e-01,4.743696025168757657e-01,1.236743697929552355e-01,8.407867263744328579e-01,-2.658525296022534734e-01,2.349837505125346726e-01,4.336680891901193435e-01,4.910336005672365500e-01,9.246327713833576434e-01,-1.870260873652766498e-01,-8.149608138920968470e-01,-3.114186116184404218e-01,-1.209434160591893737e-01,3.844835190648250856e-01,-1.042085150413702532e+00,-4.040879370813557081e-01,3.183665531710130198e-02,-8.512203976494173707e-01,-6.105897145564951334e-01,3.915308457383681051e-01,9.416586282021954801e-02,2.077767498025508419e-01,6.324559123434755348e-01,-2.193903859694900510e-02,-4.932511263986517208e-02,-1.373834168943280087e-01,-3.312176869795261935e-01,4.977618468731518364e-01,-8.935708574502418400e-02,-3.783931070365881277e-01,9.407166501382743795e-02,-1.114739926928213665e+00,5.112988726935377981e-01,-5.108995487817755699e-01,-1.459471370381135169e-01,2.196699930775892207e-01,-1.855868527585410876e-01,-3.168861088342124765e-01,-2.437334108526926779e-01,7.520102940061043073e-01,-4.038253067327710055e-01,2.960978313348874291e-01
4.565097336062978739e-01,-5.564341821177943848e-01,4.590087763727619952e-01,-1.218331674986335156e-01,1.486983414731511965e-01,-7.809046314085575924e-01,9.226262516522494572e-02,1.286838656012662674e-01,4.504835909978421316e-01,5.398522867932722402e-01,-9.061349690789225961e-03,1.926663218331578498e-01,4.788317903319252306e-02,7.125980486057366114e-01,4.665507487261517094e-01,1.935230377710760452e-01,-4.381050408788746409e-01,-8.496921868587499482e-02,-6.819306830527797070e-01,-4.212858788888810269e-01,-1.440307406649929400e-01,-1.088659711222644155e+00,-3.498404942724746003e-01,5.963334592168755277e-01,2.606524728148666981e-01,4.301350896037615668e-01,2.787509801967079093e-01,-1.608858178046686238e-01,-2.847849604307182373e-03,-1.153960477168616411e-01,-2.371477878517241900e-01,-3.721999484041565442e-01,6.403060643000172414e-01,2.873473463997496258e-01,2.631349519130722348e-01,-3.646886688228822004e-01,1.372409820089061760e+00,1.425370220812832711e-01,-3.927438995257953591e-01,7.076538962038966818e-02,3.283429682866901844e-01,2.559573735004216366e-01,5.315795804009141451e-02,-7.934837607669616155e-03,1.317447205931495946e-01,5.962223192510412995e-01,-4.460629553277738885e-02,8.331346941439807252e-02,-3.409265846106766529e-01,-2.393055947989439769e-01
-1.801771501393096553e-01,6.853810424469606311e-01,-4.620386999800820682e-01,-2.555888736552103802e-01,3.201495946984436181e-01,-8.155567101291207044e-03,3.608717631569472589e-02,-5.003788629232606977e-02,3.318796116182140543e-02,-3.752237886098284680e-01,-3.745977594171032155e-01,-2.007318433843481020e-01,8.087967536287375969e-01,3.087813338121098705e-01,4.682940449680457751e-01,-6.262828070218499077e-01,8.483407719534251379e-02,-3.394189162818304073e-01,-5.869816515664928458e-01,-1.718139301426670762e-01,-6.533942124050462485e-01,-7.447712477781692764e-01,-7.566494061975703733e-01,7.098505553830316561e-01,4.452912489522735107e-01,-4.278266445417774344e-01,-1.692780605995106435e-01,-1.181710201277294953e-01,-4.395336481608881352e-01,2.980989933220303326e-02,1.749511702481762743e-01,-1.202615861816796611e-01,2.512890505658387785e-01,-2.463701367554631261e-01,1.606619730127346601e-01,3.297292128760760579e-03,3.121826927020573961e-01,5.296249086464420719e-01,1.385689711809067470e-01,5.318669957998291009e-01,-2.188185733145241452e-01,1.307579235537462414e-01,1.665127797422552847e-01,2.190228116546381054e-01,2.335897724754582711e-02,-2.777547227257418094e-01,3.409414604756539346e-01,4.668224258386620695e-01,8.401470651152257441e-01,9.411970940490359261e-02
-9.696996487455693259e-02,-3.298682319878179503e-01,1.825425502275508371e-01,-6.504061956595583727e-01,-4.388884324835586881e-01,-1.289456244003592267e-01,1.374635558369405430e+00,1.926369223570559841e-01,5.325495471274477310e-01,-6.634115229778164702e-01,-2.836153736463420949e-01,-3.439380127137616761e-01,5.408478237744883677e-01,3.778454016317467357e-02,-6.160510463976595075e-01,3.786156083370870729e-01,-2.060751276242133931e-02,4.155553482947818567e-01,1.837976224504039024e-01,-2.329104962814559573e-02,-2.018427857486447818e-01,3.633508965382851730e-01,-5.658443392601218980e-01,-6.600620886633036533e-02,2.127034091963931062e-01,4.527341057799674773e-01,3.859114379338779433e-01,-6.372214627379867435e-01,-2.834226470011360077e-01,-5.664071258496305994e-01,5.029146686809073952e-01,4.328496586274500069e-01,1.312676647482225074e-02,2.064221956879085385e-01,-4.381335602022489173e-01,5.103069012310995634e-01,5.410926173871493106e-01,-6.304467944242683197e-01,2.612364862472283389e-01,-8.550218442925154594e-02,1.884724676030077872e-01,4.078207449661580553e-02,2.342370128943377650e-01,-4.545314301685243197e-01,-3.064238185367653133e-01,-7.037062894438864680e-01,-5.467495851889917491e-01,-2.504017758426692053e-01,7.512614548706545436e-01,-5.187888499041606316e-01
3.067836799913942203e-01,6.982942621464316435e-01,-3.472760197234258661e-01,-1.691103858226097045e-01,-5.829528463087437773e-01,-2.104448231898318755e-01,5.085947266993403604e-01,-3.758385108943039787e-01,1.379689888508644768e-01,-1.035371120139024353e-01,3.112893463534672223e-01,-2.881236296115360918e-01,3.329719454525651434e-01,2.522025846137599947e-01,-5.387796534210008703e-01,-4.397654535885458515e-01,-5.382254385478129066e-01,-5.124878167801449197e-02,-3.172244708336834917e-01,-6.171265089317645725e-01,8.292240501182071011e-01,3.472922510491921466e-01,-5.051895383784896776e-01,-3.256096156804993980e-01,2.170757001770236561e-01,7.860714489366951163e-01,-4.045282866221428519e-01,5.386108199158273074e-02,1.763925347438744795e-01,-3.350894479217403354e-01,-1.236103273944049619e+00,-5.524111235682103993e-03,1.902679978309442521e-01,8.793497924661475285e-01,-1.517775516209435016e-01,4.462553961526354862e-01,7.268419897090238058e-01,-1.693962052606627286e-02,7.544139856813756317e-01,3.244866226709818835e-01,-1.014913115811792554e+00,6.158896064150799765e-02,-7.622891842675882934e-01,-8.757483761017458013e-02,2.207991320003669378e-01,-8.089715853238990118e-01,-8.123516810388139442e-01,-1.739644180131632301e-01,4.440605992214962106e-01,-2.523061883215116930e-01
-4.791369900429739287e-02,3.477362439063713673e-01,2.323528637014804776e-01,8.948164989870518449e-01,2.906846484140923614e-01,1.997250586704566733e-01,-1.319789691929695585e-01,1.106913356339906535e-01,-5.882898349210774480e-01,6.511214787065728871e-01,1.243235600630942100e-01,3.150707166244168245e-01,-2.072422636863211209e-01,-7.293929724917782575e-01,-2.422663120038434925e-01,-3.717371500331803635e-01,5.242398906154770444e-01,-4.893920900208025837e-01,4.657511029333365887e-02,-6.387486201122114515e-01,1.155905400768809793e-01,1.404181252713756212e-01,9.883886514751402119e-01,-2.188774435623093081e-02,7.046324298568403810e-01,-2.507311862696091076e-01,6.431980897777840323e-01,-2.934566924689490652e-01,-7.008059411789278881e-02,5.983483298646696813e-01,-6.882322258244528979e-02,7.377008255250451230e-01,-2.715966639123604809e-01,-4.613191032563371818e-01,4.056313188988882601e-01,-3.292183057739114793e-01,-3.559091530537811243e-01,-3.580862755844102518e-01,-2.314180663069303201e-01,-6.010321877377360344e-01,-3.975592180639400675e-01,-5.219502333853737186e-03,-2.416643698021237185e-01,3.760208974362732604e-01,-2.770879229615036410e-01,2.483605323975211498e-01,-4.527955852446896023e-01,-5.480287899228456633e-02,5.103759603746748086e-01,-2.604774254927226806e-01
-1.573797287644499235e-02,-7.932226787595416662e-01,1.516670995797468335e-01,1.003901234327419095e-01,-3.021675130098859172e-02,3.089209262720032934e-01,-4.796804936209870251e-01,5.943774564261190552e-01,3.823136900025642104e-01,-4.933896847134373043e-01,-1.754046374886184811e-01,2.043775565318964593e-01,4.801935347854706382e-02,-3.815080489664833263e-01,4.202940810675119265e-01,3.115408118279796024e-01,-2.223441786789645269e-01,1.612081461047319697e-02,6.001720663704471770e-01,-6.559184309930982115e-01,8.217371797723608262e-01,7.315690977197155664e-01,-3.902934204749440306e-01,-1.320231499222012106e-01,-4.604814877586038135e-01,1.179866774183502692e-01,-6.503770488897225865e-01,5.222623991275991973e-01,-3.981704451224080121e-02,-4.465855691485508955e-02,4.721754446701447727e-01,-5.323061640343025314e-01,1.656484345420347615e-01,-5.259405408466325538e-01,8.823534964497550814e-02,6.939821807712165391e-01,4.508998488180371300e-01,-3.649779519651177861e-01,-3.138607125477414495e-01,2.779571744987103243e-01,5.515700072305719237e-01,8.332778426514112491e-01,-1.075565982573063184e-01,-6.890834794030019361e-02,-6.628586535908504995e-01,-4.983330270752244218e-01,4.481362813603406159e-01,5.095261205437408014e-01,-2.002033185498519330e-01,-7.687140840947459530e-02
-4.214879674679299915e-01,-5.831785575879643024e-02,-6.391590837341062370e-01,-1.518458870764572977e-01,1.027560227702975837e+00,-3.372278752639906729e-02,7.697219753259669506e-02,-1.762961336750435981e-01,-2.721588189952258915e-02,-1.106872617315238783e+00,-3.709433343723543275e-01,3.592196991856129451e-02,-7.412222209004734053e-01,-4.458778619739633964e-02,6.031225344997958038e-01,5.212725635820684156e-01,9.033865809180485762e-01,-9.278415963850436543e-02,1.035318392554062938e-01,-7.018928098877035004e-02,1.027729828494275549e-01,8.537577280154676207e-02,-4.131502495833782596e-01,6.205185544171963885e-01,-7.084049899308243747e-02,2.434536864222626995e-01,-3.111114151639561842e-01,2.622603845701814151e-01,9.363734529392011563e-01,1.599859383534190382e-01,3.964836160854366964e-01,-1.462775047603734058e-01,1.768350854485287171e-02,2.464400838465575366e-02,4.900408269409698980e-01,3.522996939333484373e-02,4.296600857323446543e-01,-8.164001358290770005e-01,1.501971472078983405e-01,-4.110965858754975916e-02,3.231089379841202702e-01,-1.547887421888575754e-01,-2.946137919944915029e-01,1.205589630799159540e-01,4.143200567941919266e-01,1.555825995480700774e+00,6.307915564232057237e-01,2.698141962990868725e-01,5.245821945233433148e-01,3.250506325056879975e-01
2.366007513797545592e-01,2.613443795047559193e-01,4.519425116054421321e-01,6.158493725420885814e-03,2.688931834587650616e-01,1.003646011310890263e-01,-2.693182148479835326e-04,-7.335887367136993686e-02,8.268917606905869244e-02,-2.710843285141945613e-01,7.640457131549241998e-01,6.754801676948971600e-01,-2.517424668801763188e-01,-3.483773231403163861e-01,4.146724735578772303e-01,3.257961431866755464e-01,-4.829110508467134300e-01,4.205414996393537497e-02,-1.907394325236696220e-01,-6.952748034944407074e-01,5.473408135051948536e-02,2.587915466914623708e-01,6.265293431791439938e-01,8.589341478983135714e-01,3.295526402313529724e-02,1.272809039614508086e-01,-3.125298205026478260e-01,-4.714481481330652368e-01,-6.819189988782854706e-02,3.623332207948344874e-01,-9.024417110339646442e-01,2.035213754613277859e-01,5.702121364778306445e-01,1.631460107895434386e-01,-4.680435589570747235e-01,-6.241360316282633658e-01,7.449534825442584163e-01,6.833486218132311940e-01,2.084575920042250063e-01,2.723000533008251289e-01,-5.524409228076974099e-01,5.062060430556918345e-01,3.716429405800373842e-01,1.280917214002131044e-01,-2.150789716744245794e-01,-2.350426063762310336e-01,-1.936121105280795840e-01,2.423888408159157182e-01,1.249549953112167461e-02,-9.861305692512081222e-01
-9.470025161851667317e-01,1.631628307337957828e-01,1.267410641365340207e-01,7.424062303273863857e-03,-3.705731369174212197e-01,3.907242903944147527e-01,-3.061290160852152553e-01,8.975024388518821894e-01,4.819893760731941978e-01,6.541362822391292298e-01,-3.720484128605956453e-01,-8.038868079970706848e-02,6.891213315033671849e-01,1.794690128252791200e-02,6.388267759249901534e-01,-3.788316908996273158e-01,5.394071416985041917e-02,2.902818114721796294e-01,3.380692781159661542e-01,-5.095158845809431014e-01,-2.266919590011919894e-01,-1.205067207224867487e-01,-4.642667214444087254e-01,-8.483393100879782489e-01,5.853412338523642511e-01,4.068754535168134789e-01,2.174987568480063471e-02,-5.545809719781986946e-02,-1.713846216652817056e-01,-1.311186935626801053e-01,1.905226152329552169e-01,-1.432119739600563324e-01,-1.611091965042717178e-01,2.647416205392875699e-01,1.859694410444119039e-01,-1.712916789584957300e-01,6.147651701962614235e-01,3.201182597112472994e-02,-4.830286215192458599e-02,-1.094288664549639023e+00,-3.930893542217477887e-01,-3.272330942044520130e-01,-4.591129102719999633e-01,-4.688863256709158156e-01,-2.626703047295175231e-01,-1.851237781065657173e-01,-9.999767487918051478e-02,-7.729225834595563338e-01,3.297981794811251643e-01,6.695375077738635605e-01
4.423669131493597195e-01,1.180506346560829950e-02,-1.823145706415330580e-01,2.468510413724000485e-01,1.512527256017109356e-01,3.993843786671116280e-01,-4.561401140850611657e-01,3.232371933769525585e-01,6.344992094735935062e-02,4.229486124033206007e-01,2.484089082505977764e-01,-5.255944742930628300e-01,-3.211454558996921782e-01,-9.651428603520183502e-01,-3.072592204707735863e-01,1.048383316518020081e-01,-6.151820931724688579e-01,-2.781665092258459593e-01,-4.851874353118525440e-01,3.965621263661580631e-01,-1.495117832073858399e-01,1.319896099519828891e-01,-3.880494003378165968e-01,-7.254429831746298518e-01,5.330849319403203196e-02,4.979947240177828860e-01,4.446888318585922803e-03,1.209228404574707177e-01,6.385801116385334542e-01,3.947936145122066254e-02,-6.213259618144427732e-01,3.417804047215958207e-01,-2.045539966948181354e-01,2.861400570054366543e-01,-1.143423371558508483e-01,-8.862552277435483683e-01,-3.157303531043238742e-02,1.192422158428886547e+00,1.590478710958257158e-01,-5.853894398204316785e-01,-5.149558338335921137e-01,2.516383824391935642e-01,8.445555061183421253e-02,-4.359897503731596791e-01,-6.057101487535168638e-02,-3.304252988324394846e-01,-7.591142060897658750e-01,4.246058697626567402e-01,-1.005370302108115066e+00,-1.110400967654662646e-01
5.595635655496595390e-02,3.467708490398883209e-02,2.380108163048240966e-01,-5.059647350432906476e-01,1.564213537823544997e-01,-1.897854331106819115e-01,-4.092775180364623955e-01,4.527094796231852514e-01,-6.217898998121233062e-02,-1.731164454953755261e-01,-1.032631418372928350e-01,7.544216588116427202e-02,5.355483737149102641e-01,-2.558133092654920615e-01,2.944015946982375675e-01,8.687139816363455280e-02,-1.781647703826268470e-01,3.931428572688390466e-03,-2.593972463766404390e-02,1.182230932003368457e-01,-6.802029772585023171e-01,-1.346641129238526080e-01,-5.014800785920517368e-02,2.610297510898284407e-02,-1.960095304513292391e-01,1.896220719385658393e-01,5.878515397917161850e-02,1.168540511738358906e-01,8.875712307750491803e-01,3.221242438855893564e-01,1.574178041819386809e-01,-2.060075792931336802e-01,-2.835173820084025409e-01,2.580745937084650832e-01,-5.007967842352580856e-01,4.905180416436651925e-01,-5.744541227602442124e-01,3.734152003739554804e-01,3.057960144241211320e-01,5.686506662358713216e-02,-2.432469781546918730e-01,2.464284314936912579e-01,8.284112316977130033e-03,-5.786283447610889308e-01,-9.717802619395277119e-02,3.332407437483307922e-01,1.063113670313318382e+00,6.641725134856386603e-01,-3.530937290914075155e-01,4.185670662184278190e-01
8.253540543981505717e-01,7.937788009416387736e-01,2.478275628154436860e-01,4.478959239632138156e-01,-1.371066557111049189e-01,-3.885237488500055680e-01,-2.008524165492453217e-01,-9.853215950688341829e-02,-2.012538940898231932e-01,5.059507395952860254e-01,-1.719118485946694586e-01,-3.380334979713300880e-01,4.288547849425148883e-01,-1.211565009323443798e+00,-1.320107787873568139e-01,-2.325164652892891259e-01,-3.041684423414188765e-01,1.890908721680812667e-04,-6.239555464124939277e-02,-2.955958533939342589e-02,-5.176454300181487778e-01,5.826191386806459649e-01,-2.057642735827394376e-01,-7.401784734207086935e-02,-1.907270961477455506e-01,-4.265038166368190775e-01,7.721134950535610830e-01,-2.191648386463418419e-01,-3.167119737036293570e-01,-1.556699180916118475e-01,2.571807098385172144e-02,1.970484696155629378e-01,-2.661623642214275276e-01,6.721705959723757173e-01,2.754352899366150353e-01,-2.001165457787946744e-01,-9.821768448683962371e-02,-1.105892486287405191e-01,2.233875393973157597e-01,3.103184050445591535e-01,3.980516252584450632e-01,-3.749148023230303162e-01,3.771856613600570451e-01,3.278771038775491475e-01,-1.032739722254005232e-01,-6.988998801517506965e-02,-8.261834642160885700e-01,4.177574072650588888e-01,-1.306108868412613644e+00,2.002562571224095200e-01
1.558837098573403745e-01,2.469205786184720253e-01,1.450693457714260226e-01,1.286433449860766853e-01,6.793943844407688282e-01,-5.212239449980371475e-01,3.347567311446126848e-01,-3.731283256298462137e-01,-7.142399771119647411e-01,7.200364129213226994e-01,2.363643305146444773e-01,9.360103724220248944e-01,3.610981105945644254e-01,6.588191549412817372e-01,-2.997056623297790490e-02,-9.574835630482837479e-01,6.302450599011331089e-01,5.864890714709498631e-01,2.689936130416497595e-01,-6.572147361292975942e-01,-5.495230717416076383e-01,-3.722885277880666477e-01,-1.441066475125200863e-01,-6.510278435264794661e-01,-2.956205020972826336e-01,-5.679337993110041838e-01,5.429033158603101955e-02,-1.236498062549330236e-02,4.403845503025499153e-01,-1.153189834667756562e-02,-1.404615132749543471e-01,-2.991080191495611440e-01,6.879849397459755767e-02,-7.699301588207374536e-02,8.566279684621056489e-01,-3.293223649549610332e-01,-2.368669998764313112e-01,7.581024651931794756e-01,1.258656760440714506e-01,1.635165500634630509e-01,4.199703775413358708e-01,-9.312041171275919904e-02,-3.215390376019555685e-01,-9.827614821741429418e-01,-7.019034070945695536e-01,-1.077361417921490316e+00,1.962407486247753630e-01,3.868350567092130321e-01,3.056298852862159715e-02,3.584996499471708176e-01
1.038498484173735026e+00,7.325690226705661168e-02,-9.782286304427767476e-02,-3.754622294423433093e-01,3.641233885134013137e-01,3.659491762193481379e-01,-3.704555240210399836e-01,-2.765980837555108707e-01,-3.364972192425386699e-01,-7.011633821827671642e-02,-5.704353151272290035e-01,-7.103058762317963071e-01,-2.528063455776437540e-01,-2.560209488670515121e-01,-6.465653244235126662e-01,-7.907718977188604725e-02,2.965898873243997258e-01,1.431382460102346155e-01,-2.203943672417499611e-01,1.016112566710603848e-01,-1.016776927551546889e-01,-5.500214302567965063e-01,9.404937435818123692e-01,-2.507415391663928572e-01,-1.410280254034980418e-01,1.698554818231136077e-01,-1.090070366592097023e-01,3.721837596557568961e-01,-7.260104105527263874e-02,4.923121222063553959e-01,1.932954572743454946e-01,2.170392986445690842e-01,1.459591903434140914e-01,-2.833574643344008437e-01,3.129728643880507755e-01,-3.589975832627718688e-01,3.610856017208889934e-01,-3.517061695522872844e-01,7.204152996383819674e-02,7.528338831142722398e-02,-4.319365976209681851e-02,-1.204582065816983683e-01,2.748364442445044853e-01,1.702453413461140208e-01,-4.090998760827436742e-01,-6.308502455392190900e-01,-4.938242861959761809e-01,-6.538099486689892270e-01,5.790077172921664211e-02,-1.929475704801272562e-01
-3.543522685712099246e-02,-7.773525141653466752e-01,-8.111123616604742903e-01,5.248115700276725359e-01,-7.062703955867645211e-01,-5.540578775838612968e-02,7.109505113306773261e-01,-2.050303970322315816e-01,1.174660350213491550e-01,-2.429103594791876264e-01,-2.618965686639028179e-01,2.606357733474107818e-01,3.782276468244998857e-01,6.768286516801702568e-01,-2.891687542048068660e-01,3.948747668616567341e-01,8.643280312331725890e-01,-6.621518404361991239e-01,5.474592700957949809e-01,3.998891298666238936e-01,4.303619013238411672e-01,2.671278368189490826e-01,-5.393468028923054797e-02,-3.365615055779299092e-01,7.928330275853948117e-02,-1.292952655426258812e-01,-6.556681764035106053e-01,-1.794002009699851019e-01,-5.103794968626631512e-01,3.223445538643815445e-01,4.248727602658741165e-01,3.126945534675746319e-01,-2.751961797152322475e-01,3.990581577850055989e-02,2.076563405495159276e-01,3.042291232121810962e-01,-7.050375144392618809e-01,-2.067803030168083658e-02,-3.721764230497173198e-01,6.344659711568595428e-01,-5.524234132236439665e-01,-3.827978050486154360e-01,5.316423845274198534e-01,-3.741023142398054446e-01,-2.261111382532770275e-01,1.993416709576037171e-01,-2.608976090566797468e-01,-1.225621436356685967e+00,2.811769157715202083e-01,-5.011677824988296504e-01
1.218198640910138526e-02,1.823954965108427750e-01,-1.622583401969794337e-01,7.955857025057196108e-02,-7.350468583155553987e-03,-3.888139135524689149e-01,3.280430522447013164e-01,-1.731186655168463484e-01,2.400936530338364239e-01,-5.322864535527530583e-01,-9.546431341501467882e-01,-3.137969052521543123e-01,-4.296068204223358333e-01,-1.534159366224262799e-01,-6.112949095757943541e-01,5.449591536235164346e-01,2.357042172226698207e-01,8.300571589737421041e-02,-3.352837097022345891e-01,2.195311538138946250e-01,-2.775263533191319465e-01,-5.792248026149235951e-01,-7.734614495567548875e-02,8.094841324700460805e-02,-1.559544755502138835e-01,2.699011730060515979e-01,1.293010933463251411e-01,-1.524741595720785492e-01,2.552088546392683455e-01,-2.700361759678070461e-01,2.699536524868876297e-01,1.792292674392981233e-01,1.254229235634162498e-01,1.460153239280820858e-01,-7.510422496562062511e-01,4.435614136029448762e-01,2.856882506153985979e-01,2.945776493614241653e-01,7.930997963374172288e-01,3.474022052969439472e-02,8.934184694160729467e-01,3.090717236180935690e-02,3.552915562744656253e-01,-1.701440657761160435e-01,4.682915893433416410e-01,1.786077600904382445e-01,1.997687275458844003e-02,-1.901738564273200982e-01,-2.861839156856352262e-01,-5.013490989084815608e-01
3.538360713986868911e-01,3.269627915594091050e-01,-6.747690167632245384e-01,-1.230249068969980986e+00,3.415572365010455247e-01,9.927677839279420713e-01,-4.809395294836939505e-01,1.035327175804251071e-01,5.204752882579202211e-01,-6.003499560583923644e-01,-7.777204545355534959e-01,-1.507616099618247218e-01,-3.820416390948958019e-02,-2.501736587933392486e-01,-2.403545941249413953e-01,-2.327819200037385960e-01,-4.566378412599995107e-01,1.286065534523662679e-01,-1.731381625286388393e-01,4.144563105173777739e-02,3.114327393596942883e-01,-2.221901040321531684e-01,-1.291707610069021683e-01,1.752007934167609804e-01,3.766090821079763618e-02,-4.222586241767447568e-01,2.833947394217627980e-01,4.588925766075337420e-01,4.225285210810040271e-01,6.613810377844142607e-01,-7.509516481552211409e-02,1.174214840781063612e-01,-7.428780333989836171e-01,8.573044277272121594e-01,-9.741165598211160015e-01,-3.497490198662884381e-02,-3.909756594405859320e-01,6.065148527058051853e-01,-2.683453194853655521e-01,-1.225701997245927100e-01,1.876844668509047853e-01,-3.162159527090933619e-01,-1.308031347208270967e+00,1.239002038637416980e+00,7.158342428196524665e-01,-4.426359314761535990e-01,-5.510126032556383890e-01,9.576724685620368049e-01,6.637339251050252686e-01,-9.449052184389382381e-02
7.926075495381691427e-01,-1.356559875752902725e-02,4.516407290234786820e-01,7.358850079286232138e-01,2.783172504804953817e-01,1.263110394943298409e-01,-4.848324703632213573e-01,3.072744744158036334e-01,1.253780557113114424e-01,1.629617747476247713e-01,-2.910851449958207215e-01,2.073964702434777096e-01,-4.097606163313911587e-01,8.833198675853001780e-02,-4.016069338702014657e-01,3.162073903383177398e-01,-7.322057220838672498e-01,-1.317082630776539864e-01,-3.330895926592267881e-02,-5.408203984651841628e-02,-9.131693548518701187e-01,-6.430019501234682799e-01,-9.319626576961367870e-02,4.580488854582303038e-01,-5.114079212934522639e-02,-4.531543684769672176e-01,-9.095718626197757395e-02,7.085039334820505408e-01,-6.330406824637277996e-01,-3.745933200734501978e-01,7.405649304708422642e-02,-7.258404795516857355e-01,3.263536316222626632e-01,-2.428395526217498948e-02,1.746078235139753021e-02,-3.851548787726103984e-01,-1.361914740166559334e-01,-5.844434583979102316e-01,-2.900807111181088471e-01,-7.348787219343673183e-01,-1.446755964829403163e-01,2.278181435971241287e-01,-2.674752070201497633e-01,-5.725646199595884056e-01,-2.369223894346157988e-01,2.702887765904076756e-01,4.570084130987682181e-01,-6.081939443906466680e-01,1.792141069485929106e-01,-2.910713814418904311e-01
4.345022848762668533e-01,-7.249216874800928911e-01,4.713826614979177432e-01,-7.266367552181266509e-01,1.195599303744513398e-01,-8.816377830288140566e-03,-2.042318621429571046e-01,-2.351747274257733888e-01,-1.283057985791802476e-02,2.193195368124382372e-01,-1.130224549436196657e+00,-3.139097060529329186e-02,4.078239750791256002e-01,-2.777510832579515032e-01,-5.283381303431781140e-01,5.691648973846209492e-01,-1.424845304738357132e+00,-1.108443550560225949e-01,-2.511717150979361074e-02,1.137678664018782482e-01,2.617476619965678486e-01,4.405909884206297145e-01,5.159732808572381479e-01,-7.682519059536109529e-02,4.888316246437277579e-01,-6.004346973056732401e-02,7.778145552425408393e-02,-1.977663339846886803e-01,-2.652341261861365096e-01,-4.786538124983631404e-01,4.190330844987834591e-01,1.255779419813507491e-01,-1.772221124983993645e-01,-4.405805075505955237e-01,-6.268089368785088877e-02,-1.236745106622731072e+00,2.447479861037762661e-01,-2.455428165693908926e-01,2.670780400875263361e-01,-6.573073598085406033e-01,4.762523345930130825e-02,1.681355798403086355e-02,5.016132593619434532e-01,4.482697479871503576e-01,-1.588976262724220712e-01,-1.070173092762648735e-02,5.355086907550169473e-01,3.233974809942436468e-01,1.127902177137866946e-01,-4.566491446108987828e-01
2.879027700591088035e-01,8.842029536405330292e-01,1.103993420601959985e-01,-4.475065253660396314e-01,-4.588880241807308247e-01,2.541467902640279775e-01,-2.218775197516262843e-01,3.927698652771611787e-01,3.127548265156013807e-01,-2.156547769256628513e-02,2.879212983770385037e-01,1.843966103705059756e-01,3.048770317808134345e-01,-6.815496565337364476e-01,2.756339642456303030e-01,1.102365600701612214e-01,5.607309468594546820e-01,-2.383771405944205002e-01,7.728928675155588568e-01,-7.279521628326763860e-01,3.420299561029709334e-01,-3.110594853864196742e-03,-4.702575804317145058e-01,-7.418154515243083336e-02,6.993562262370597860e-02,3.665023523340856793e-01,4.419341112228237223e-01,-2.084399681740994603e-01,8.245067357041613310e-02,3.612871051452961613e-01,5.085408721304078838e-01,-6.233753275060539834e-02,-4.635684490453246820e-01,2.909532411743366853e-01,-6.410157253264674448e-01,-8.129394628509528653e-02,-8.373446955056949026e-01,7.747409044095834307e-01,5.030461098377264628e-01,4.972843613401355389e-01,-1.055481219667513543e-01,-5.449979832635758470e-01,-6.747591607453242712e-01,3.022688722403726325e-01,-4.249353561449016325e-01,8.244639672803260044e-01,6.018206464388233812e-01,5.476417911655804271e-01,-2.470739009344808945e-01,3.456479752910930348e-01
-7.670117351997815525e-02,-5.126660330048614655e-01,3.757824064884082160e-01,4.877379109451923656e-01,-4.718451471655632501e-02,3.063199098818816246e-01,-3.438353589232321372e-01,4.980785450230437172e-01,3.410336342351908967e-01,-5.273265295427521648e-01,-3.884859800986083522e-01,2.612216410038249448e-01,3.574106844864545773e-01,5.768869414249543776e-02,-6.245288584050039061e-05,3.645011390238581811e-02,1.223782176869366162e-01,8.538113011569005428e-02,-6.601778314201155462e-01,1.009313911273289864e-02,2.975272362255608760e-01,6.967514679075390571e-01,-3.544638592918364917e-01,9.366565616138167183e-01,-7.308556319523869249e-02,-7.729563151695811873e-01,-1.296524111784718991e-01,2.243666631713126247e-01,4.457375917344425509e-01,-1.466506428413729690e+00,-2.941722587489177254e-01,1.195946802441186563e+00,-3.233180426560113285e-01,1.458569939685723515e-01,-4.992533845826567784e-01,7.992450821658553251e-02,4.326687953182565827e-01,3.709722977877075722e-01,-2.124776655599223615e-02,1.167455055567130584e+00,6.512878473429317694e-02,-5.526506760138786278e-01,3.355544431077726042e-01,3.495649017624077315e-01,8.839772983184750466e-01,3.574733066482099209e-01,-1.476391372050574469e-01,-1.534621217228924334e-02,4.633690252501088680e-01,-5.290345393181599132e-01
-1.511413827914964425e-01,-8.641841420366637438e-02,2.360570935799958803e-01,-2.140745190888189986e-01,8.383335199204983157e-01,8.244510601249548376e-01,-3.275494200868477312e-01,-8.391775966398342668e-01,-4.920654579354122315e-01,2.437065627308887261e-01,3.146479326016954903e-01,3.998591980309534888e-01,3.096878309014136077e-01,6.894598078255405049e-01,2.251750022359627346e-01,-3.331670740629328331e-01,1.517225936611154846e-01,-3.124483636109393614e-01,5.064558445505564777e-01,7.008451799199331145e-01,-6.360752410623378150e-01,6.649501870373935031e-01,-9.545341702191689759e-02,-3.149404805698534648e-01,4.842943342785309135e-01,2.154466702375373577e-01,1.270688289932853099e-01,7.661423364198398367e-02,-3.681392498197488122e-02,9.197681682278310289e-01,-4.160530407993899282e-01,1.644703686807150733e-01,1.252617267561031422e-01,-3.400109600600710325e-01,6.907897304462291554e-01,3.556619591526475888e-01,-2.172479741746450865e-01,-3.736679244460188731e-01,-6.646536613313699937e-02,2.180897374352481488e-01,-6.167560509522684864e-01,1.244970473062384370e-01,-5.324636100080822887e-01,-3.486864259040614034e-01,-2.339582871256797036e-02,-2.040674190472034077e-01,-3.129034228197719592e-01,2.598625562772115538e-01,5.758695577417106692e-01,-1.561632305108392321e-02
-4.625386795214975755e-01,9.959695475482642779e-01,1.086953381268544350e+00,9.369703336714102493e-02,-5.674097872779381158e-01,7.227473934978273507e-01,-3.104164799248543827e-01,-6.241681200322595213e-01,-1.454093071277039462e-01,1.457791934569779568e-01,2.080114758748058124e-01,-6.177880059693492409e-01,-1.374851153161527895e-01,-6.612989571911214171e-01,2.146953633255355987e-01,9.372294472417618677e-03,-7.048161860720270067e-02,7.509590138860580133e-01,5.350347637643101395e-01,1.084672291822590673e-01,1.446983197654488212e-02,-3.579338662459601861e-01,1.641828183195379320e-01,6.875640175598315973e-02,3.154848758986395496e-01,4.505778260381472777e-01,1.360269628249423934e-01,8.977312595175823695e-02,-8.808690260270324313e-02,-2.027265757798966256e-02,-3.967148760716004974e-01,-3.749444847711347339e-01,6.846667259246886905e-01,2.140635678510799667e-01,-2.651224122404198802e-01,2.391453150226487689e-01,3.800323394806366661e-02,-7.913095876716393917e-01,1.395809724460601586e-01,-6.091561394978074473e-01,5.251774865487464083e-01,-5.042555268943342828e-01,3.154439790484969142e-01,-1.316717173555102538e-01,-3.849178380792334792e-02,4.058459237668104458e-01,-5.225943786434004146e-01,-1.934951525344621726e-01,6.502008449036439375e-01,-3.350818750482633113e-01
-7.005071081076283401e-02,-1.599924666259379055e-02,5.935762664628806418e-01,-5.174996760591832334e-01,-5.260194269723788424e-02,-2.445781324408058954e-01,2.505685056752132711e-01,5.994880665812248877e-01,-1.222088821521565977e-01,4.171531140625138745e-01,-7.184423825358479676e-02,-8.947221335711722512e-01,-1.861560188224901935e-01,-5.968597161825256459e-01,1.758156379388182977e-01,-2.942316409407823297e-02,2.467560431267431520e-01,4.211428492406587010e-01,9.512723746728860008e-02,5.525283261148677960e-01,7.821247616628825838e-01,6.505836126595092583e-01,7.383728042395281133e-01,-4.623882161140208114e-02,-5.248976514456836773e-01,-5.410759089251455656e-01,4.108583779837549077e-01,-3.132251760698439025e-01,-6.598549753063527312e-01,4.923851880346875043e-01,1.007681481282836911e-01,1.702716236612044909e-01,-8.707295072769014044e-02,1.529598889912430204e-01,6.025874384134549677e-01,1.148967164472044361e-01,7.973821802808227499e-01,-5.923268262540150042e-01,2.418458197775040230e-01,-1.630509835534376395e-01,1.416571285415058057e-01,-5.870107948734514663e-02,3.702099086777381753e-01,7.648881806635203784e-01,5.043726214638486471e-01,2.774381873661734832e-01,-2.073400720890153093e-01,-4.466466815046553074e-01,8.173643277434575194e-02,-6.922035640584865979e-01
-3.356860120454435159e-01,-6.245559332540390196e-01,-3.950510778355142971e-01,5.217919729312257143e-02,4.448993733085326308e-01,-2.989641868368141941e-01,1.112787309179104761e-01,1.201607999812556615e+00,-4.091070169543703505e-01,3.134016467707479991e-01,8.098891428384905611e-01,4.993759134002778155e-01,7.264066297117144355e-01,-6.334985321626798171e-01,3.153580437419418736e-01,3.089522845667280748e-01,-7.425025830889592227e-02,8.465084788045124098e-01,-1.391556648617598424e-01,1.326100593437471165e-01,1.484123851216713474e-01,-1.891845627716484957e-01,-2.173437410003039097e-02,1.956946914615664279e-01,-5.423867337424859159e-01,-2.781773068651763325e-01,3.944399067907163742e-02,-5.187963207841552737e-01,2.921084972525481716e-01,-3.472684463045855874e-01,-1.131445540990578397e-01,3.776738679786126318e-01,-3.522777418753065271e-01,-4.257871809500254900e-01,2.472650355921445775e-01,5.171673703771816344e-01,-5.580233552574401790e-01,-2.512397543542360112e-01,2.065879124915215859e-01,1.144420111588150490e+00,2.722605600973462478e-02,-1.850195525255407258e-01,-4.735363620756179448e-01,3.233521338290396563e-01,-3.803599385887217188e-02,-1.530566844858974040e-01,-3.609566921976355425e-01,2.605069721021279205e-01,1.075728311011737715e+00,2.217910984895688636e-02
4.888962016207950012e-01,6.265797872235914778e-02,-8.556076770455912639e-01,-6.458999652370693845e-01,-3.856111332837363487e-02,-2.843880031724164703e-01,-4.227871071615970644e-01,1.897912857789096353e-01,-3.999784564092357386e-01,-1.647911985861746087e-01,-7.624153873775141310e-01,1.374458524264990655e-01,-2.786504645523836809e-01,3.244801860669748184e-01,2.906243197234693529e-02,-7.145617875306406463e-02,6.455411843147095263e-01,-7.443233912549265807e-02,-3.774689204384877317e-01,-3.795115301909253447e-02,-1.543446434225006873e-02,-6.469927793395514604e-01,5.426509611576255283e-03,8.426204514743830531e-02,-3.525350789877965685e-01,7.182118348329131763e-01,3.232829091113471609e-01,-1.576738895972776555e-01,1.274112903128357399e-01,-8.397220001656749422e-02,1.720343682025036458e-01,7.376435742614775304e-01,3.044537283324916799e-01,-3.237232830134961215e-01,2.313761700399916965e-01,2.044767480681289884e-01,-7.163072222298658698e-01,1.981642541410147673e-01,-1.073630004945356431e+00,-3.108034890830129737e-01,2.832517670022976497e-01,-1.007510990859906697e+00,4.306020698910462130e-02,1.150865635459456859e+00,1.854383186118430116e-02,1.151500736209007947e-01,-4.195118814971711407e-02,-1.477364842651076149e+00,-3.053550716690181521e-01,-4.726947140086314447e-01
-3.630856066413258310e-01,-6.529176162211483003e-01,1.309430629792767697e-01,-8.285440569786183262e-01,9.521927253885580089e-02,-7.892498731998727479e-02,-4.680797708465134765e-01,-3.240470372719675973e-01,3.354903356146786142e-01,-3.010206216879530161e-01,-7.535560832547583132e-02,1.872329050466932099e-01,-4.066654216912020670e-01,3.660512428042614341e-01,-1.673230445414111700e-01,4.933158517662025733e-01,-3.706115995726028817e-02,-1.174702000193280416e+00,-5.851083077234706109e-02,5.804374701787319291e-01,8.000425763420644654e-02,-2.529462431465602235e-01,6.346361475837601629e-02,2.817180319363836102e-02,-5.877587436209020383e-02,3.037699498895821137e-01,-1.053151373650958178e-01,-1.891289143187280253e-01,8.519986823956390287e-01,6.739956838634177938e-01,-5.946160739738028944e-01,-5.373584507553927914e-01,-1.911263664583811861e-01,9.742659551823816544e-02,-1.323185476314426290e-01,-9.735410976719022225e-02,-1.942978589345936979e-01,-7.894581124095744196e-01,-9.072137061135476799e-02,1.543595985464865650e-01,-5.140815645917535814e-01,-4.122891022926878368e-01,5.731953774433443810e-02,-3.931760692567368709e-01,8.290590003596696178e-01,-1.023132393564685216e+00,3.436447861810106308e-01,-1.342464885048950007e+00,-1.947089332481970747e-01,3.971605197677636201e-01
1.096747051796160555e-01,3.293623175424412186e-01,7.922858102511068368e-02,-8.129520202496102188e-01,4.369391920350811434e-03,1.282387185272410468e+00,7.239530304294436447e-02,-1.871255175626659328e-01,5.727986054530195131e-02,-2.650427745030221049e-01,-4.897033813311027495e-02,3.244491053972931582e-01,3.172910518631691934e-01,-2.352703097562986248e-02,1.824309006238523656e-01,5.647690074430078422e-01,-3.591484378226539320e-01,-3.268000806389776969e-01,4.254622050604727757e-01,-9.520079878617251357e-01,-8.590246756372617309e-02,8.554775990703331612e-01,-5.320835500063821749e-02,-3.465794349177324096e-01,-2.057883033055769584e-01,-1.012435553769241575e-01,-2.650904390409026812e-01,-9.589337928858857052e-02,3.391100884039539853e-02,-6.113968030177630020e-02,-4.340119205755525456e-01,-4.544578266306693870e-02,4.867903827291292784e-01,1.336347427299101054e-01,4.070122906879699437e-02,-4.591293963159024383e-01,3.789100916862789270e-01,3.541231605087512002e-01,4.962050244396291054e-01,4.281719227245454062e-01,4.167917803035495750e-01,4.128932447872144668e-02,9.197932742516201632e-01,8.864990822473821364e-02,-2.891159551173926312e-01,2.765613025223769839e-01,7.629312881142605307e-02,6.422439307302975353e-02,1.598656027502844967e-01,-1.938341568729190223e-01
3.502832948571975580e-01,-9.475069476183235750e-02,6.257052869662876882e-01,-7.450395310737925048e-01,-3.560006112406621237e-01,-1.481809383453694395e-01,2.513732973725070208e-01,-8.386428526727025545e-01,-6.414943691469451315e-01,-3.341039129510860184e-02,8.977678506346058185e-02,-5.738617855383821853e-01,4.044588420432653764e-01,-9.346465505807234619e-02,1.868173809672200175e-02,-6.730731165662411364e-01,-4.207909908765370410e-01,-1.564241895203206667e-01,-7.482133815448749337e-01,2.471141144209908491e-01,1.194684073354582710e-01,7.984557768445534054e-02,4.506263496769285504e-01,8.531609840966061786e-02,2.790206081231737523e-01,-4.232865933171929274e-01,-8.913447126066627035e-01,-7.087775574367587428e-01,-3.382944716222983650e-01,-4.155725087035060383e-01,-5.565468308195330449e-01,1.753938191285379575e-02,-9.641225587430291011e-01,-3.994910435650242952e-01,5.472245701402014273e-01,-6.426034104340057063e-01,4.151813450109423376e-01,4.507099264950376050e-01,-6.941096905071234557e-01,1.138381190163154089e-01,-8.633397927756074619e-01,-7.923926697237987371e-01,-1.515663203817386173e-01,6.973659184297815727e-01,1.088056449684711158e-01,-9.217145246552300650e-03,-6.740762614703544875e-01,-4.608729185988053034e-01,2.277970605030105455e-01,-2.564972846042931631e-01
4.443262276194960836e-01,-6.739077107145317880e-02,2.554661821347847250e-01,-1.421150434605971680e-01,-6.864690955340628786e-01,-2.506070619266783095e-01,-3.050943181944599236e-01,-9.104123484830477231e-02,1.966586709078884387e-01,8.434152607952896674e-02,-2.935616705721063591e-01,2.172072035729723793e-01,3.518060003523493795e-01,5.400066712740531766e-02,-8.349439798613145225e-01,-4.900509181141471937e-01,7.706164600309416413e-01,1.815583718244140610e-01,2.340569398575415017e-01,4.606636468531736389e-02,-1.647148394039128771e-01,1.879536027249926744e-01,-2.832861827449213998e-01,8.453287311212845379e-02,-1.000611506505566517e+00,-5.969895476449607052e-01,1.680555682679626683e-01,1.861464893829620215e-01,-9.494546515846623569e-01,5.432090245465864310e-03,6.713497431905848245e-01,-3.226878218647101781e-01,2.041879472285653696e-01,3.701917498812541674e-02,4.882953346124681987e-02,-2.006867044372272202e-01,3.106455672821742953e-01,2.056933963905015206e-02,1.302277829774692308e-01,-3.296863328164816864e-01,-2.523476313216166389e-02,-4.369062888293321900e-01,1.041085766252864420e-01,1.527263178224860518e-01,7.696970285785635635e-02,2.563897614382910639e-01,-1.602707128967929273e-01,2.805985622474845287e-01,-1.604924423728541494e-01,1.614925895568155578e-01
4.611104589354962646e-02,-3.373079313306989180e-01,-3.524489649217115161e-01,-2.649202872238111128e-01,-8.492244358938509652e-02,-1.233065783898016493e-01,5.772135031386471660e-01,4.511520257533236933e-01,-6.146865625282661727e-02,4.734755099633088382e-01,2.002188970228559461e-01,4.980893214973753369e-01,-3.050992351307698081e-01,-1.247582166549804916e-01,1.111126359876658531e-01,9.309215351722488485e-02,2.603229122328958312e-01,1.536680823071597535e-01,-3.900990572607800910e-01,-2.480424486641878423e-01,1.576036808491405317e-01,-3.012686078345299095e-03,2.750261290418957727e-01,5.221767517270647918e-02,2.308586940395141451e-01,4.313294025731285175e-01,-2.532966743480701832e-01,-8.455201564226451083e-01,-7.187840773464594657e-02,-3.638852743367510523e-01,5.674788328836435358e-01,8.895592849157837323e-01,-1.222899322865127258e+00,-8.353858360623441781e-01,-5.445336435796099828e-02,-9.014685531137802688e-01,2.564283251377810768e-01,-2.026632767998957918e-02,-4.031273029739102509e-01,-3.320058251464337307e-01,-2.694319473344359839e-01,-3.733007138482305476e-01,3.417597991137462116e-03,2.223725609870414732e-01,-6.748243500569915954e-01,1.060339455984280789e-02,4.892286803277555163e-01,-5.129068157426699415e-01,-8.783002120678807811e-01,-1.270603830074343854e-01
-8.424334159520275866e-01,1.166569501631269379e-01,9.870590787956307066e-02,2.794773999662327202e-01,4.768118537805198648e-02,-8.315714105642070531e-02,3.788648830715455884e-01,-4.836035036184629377e-01,-2.908826265091338237e-01,1.023104786667948130e+00,-8.059359973850436232e-01,-5.548037564683414580e-01,-1.935136973648626801e-01,2.994588302615970310e-01,-2.272602144421457804e-01,2.020328386434679935e-01,-5.337956876461521505e-01,-1.622930545096618604e-01,2.034226284731285028e-01,-2.756307801100275623e-01,-1.068176198079863332e-01,2.492823950797080079e-01,-3.630898929134305231e-01,8.232758057054561096e-01,-4.159469158532410060e-01,2.642758193810681999e-01,-2.510664438683721800e-01,-1.037631637783591465e+00,-3.114667255822272662e-01,-3.119082267661774654e-01,-1.576262736036137535e-01,-4.715417291311045367e-01,2.480644787162846268e-02,1.150506159032713693e-01,-2.477523941759728066e-01,1.317577175775496712e-01,6.985437270450158831e-01,3.757080021950471305e-01,-4.359415740748632251e-01,2.914550833021523624e-01,-4.780784853476918728e-01,-8.916896571228963286e-02,2.158363524022771096e-01,2.987700842906093959e-02,-4.609333546599938408e-02,-5.077100765231205848e-02,-3.504357985960056543e-01,2.497706701191778622e-01,2.205385279868549431e-01,2.506078678728762554e-01
7.234203662531794865e-02,-8.724599715978861303e-01,3.816410671378134833e-01,-4.490413989146825324e-01,-1.699862080382483487e-01,-4.313885224488377967e-01,3.281160346403763639e-01,-1.105430581055579564e+00,-5.524230556393613378e-01,-7.164135803865136209e-02,-4.085250052760927564e-02,-4.052752589095980906e-01,3.840906085445567886e-01,-5.284213124725392063e-01,-3.173430901783261260e-01,6.921197079378237083e-02,-3.293462597153881677e-01,-2.892505359523478425e-01,-3.322454784807454820e-01,-2.559410870019917517e-01,5.748006215241537875e-01,-6.140039958153244992e-01,-3.359407090037755395e-01,-1.059031806496480987e+00,1.559569111243361839e-01,2.087030714880569737e-01,-6.084996321743224579e-01,-2.137626452060426355e-02,-6.684369356127520256e-02,1.682627211892197966e-02,3.123539709607562886e-01,2.776584455399396245e-01,-2.471032471537041308e-01,-7.207848286756698419e-01,8.666322613584525048e-01,4.387784152833261730e-01,-1.804782492993628751e-01,5.653715886975072547e-01,3.884833815914995880e-01,-3.582173888583936039e-01,-2.603693719970721632e-01,-3.423641864951227354e-01,-2.919819789637432828e-01,-3.737915219222873731e-01,-9.041496704804032059e-02,-2.575716634254595488e-02,2.095201264801842544e-01,7.768960873073931239e-01,8.210473961949003030e-01,2.556826558876230601e-02
-2.131939482411043252e-01,4.778088987065273185e-01,5.269612509643516463e-01,9.254782889675496060e-02,-1.995441290688569971e-02,6.884709347145445690e-02,-7.862560195150125608e-01,2.336577565687505686e-01,-2.670645241498795786e-01,1.366308515933252199e-01,-7.365463968341122609e-03,6.416299712103328279e-01,-1.261505937210549988e-01,1.891007294440561481e-01,2.409724225731926239e-01,9.489426634509595671e-02,-3.252253164956068199e-01,5.114970856017605344e-02,1.188211757411243186e+00,4.052022914181624413e-01,-3.031033660630362211e-02,1.331184433249741617e-01,-1.945769788488783403e-01,3.505637854570951006e-01,-2.046140901306281457e-02,8.069301325967837002e-02,-1.608898575983174761e-01,7.441345419614853185e-01,-3.224229420382791478e-01,4.512021860587415167e-01,6.075394291484763620e-01,1.055565256965130400e-01,5.737173069282252014e-01,-4.551870013470138421e-01,5.737173366960123255e-01,1.158643441483318548e-01,4.658366489211908379e-02,-8.403890286182960079e-01,4.222181875136000184e-01,1.570592196006669328e-01,-3.118823807114294855e-01,-9.482900136273644254e-01,4.114221853020315622e-01,-4.757325811057573350e-01,-1.388050073376978499e-01,1.774136981650344669e-01,-1.296677113093234850e-02,4.255015744527502752e-01,4.168956229307920203e-01,4.534218872396964528e-01
4.691518354012261804e-01,-1.780579175768249034e-01,6.920341720515753581e-01,-4.883909929223204105e-01,-1.680438237520077149e-01,3.388366054892641976e-01,-1.602239698749970687e-01,2.440922402316088313e-01,-4.614757180048764673e-01,6.443146560022218194e-01,-3.575075096084076032e-01,5.723764083176648976e-01,-2.904246293856497241e-01,4.047852636215569788e-01,-7.508034959917361806e-02,-5.515897652858602340e-01,-5.934998387559439204e-01,1.698918537962163314e-02,1.328303656178581593e-01,4.757520798725853872e-01,-1.444086423500453298e-01,7.467073772937490306e-01,-1.607082329357343020e-01,5.040464801064743067e-02,-6.365557488774643558e-01,-4.610662058645413341e-01,-6.289192868493053146e-01,-1.592196794080041333e-01,3.017211656489674487e-01,6.927899953464083938e-01,2.650568626312626574e-01,6.744568202320008199e-01,-1.655887806735947543e-01,-9.235432677489110453e-01,2.726279542620806962e-01,6.999091820832305244e-02,-6.505653570229513738e-02,4.210780656171638769e-01,-4.440591219210358043e-01,-5.652666323691277750e-01,-1.093022103647548926e+00,-4.426565549225693758e-02,-2.981766134666109513e-01,3.579893927700279477e-01,8.383646467928972390e-01,-1.021297026010309583e+00,3.743196155792108959e-01,-7.999793040093305940e-01,9.567820930825815529e-01,-2.392349435147856085e-01
2.411251608640411215e-01,1.747502445132848303e-01,1.383894806853275539e-01,-2.829147113637591748e-01,6.949734315250403194e-01,-5.093406672449171113e-01,1.217110734355526969e+00,1.007823826646717519e-01,-2.642237523620526995e-01,5.940086892508729122e-01,-1.424806150604272445e-02,6.737301255916743059e-02,-1.957202747028750911e-01,-9.613290519659747346e-01,3.461341325658595647e-01,3.837046284340459718e-02,3.143289491178158923e-01,-5.596803115593828037e-01,-3.368545751049295545e-01,2.302807778594624377e-01,4.124710558183867365e-02,-1.320777811863309004e-01,4.846241843464815791e-02,3.073562669749754228e-01,-4.614673146680960958e-01,-3.694518844247171585e-01,6.634398007104282957e-01,-3.248296107218782147e-01,1.068268006856407382e-01,-3.193803330751192049e-01,-6.781244806667595659e-01,4.261396408163797139e-02,-2.565250140296327919e-01,-5.405406406195748525e-01,-5.874181368702368067e-01,7.841400640081372386e-02,4.702349522808783044e-01,-5.329023976209952274e-01,-2.422814206503912382e-01,-2.385979732587220625e-01,-3.875156145913489225e-01,-2.925574088578527035e-02,6.290268769140627825e-01,3.693201981123963029e-01,-2.540796381175586816e-01,2.804631346642540435e-01,-1.807261941398448646e-01,-2.880121795857418232e-01,2.669091810682850396e-01,-1.517612963336398835e-01
5.762629456529080318e-01,-5.887982959124960641e-02,-3.650731460244991400e-01,8.271661358169426492e-01,5.567530490911914987e-01,-9.683026754784844828e-03,4.980661498660314823e-01,8.353022672865259568e-02,4.754595347179050441e-02,-3.039709424876105848e-01,-4.704425407483835975e-01,5.828250207342517385e-03,-2.006955403107617830e-01,-5.688823934189253702e-03,1.940651154229840747e-01,-2.965708511305057415e-01,-1.487834512923476571e-01,4.223958542605769084e-01,-1.523653333479664251e-01,-3.591627911643883175e-01,-5.218143159747268278e-02,2.889156525197590919e-01,7.122466734485998208e-01,7.805715793745844344e-01,4.480189736398487721e-01,-2.998408935282880772e-01,3.928322785664833949e-01,-1.850059047855786643e-03,-6.616134434323296676e-02,4.701105496966054287e-02,-7.885069446482714239e-01,5.353097961367915270e-01,-5.835082396005893957e-01,-8.668146657540518052e-02,-1.471621519245741860e-01,3.268341132199654719e-01,-4.899589117334683386e-01,2.373658189593177148e-01,-2.193723939122397271e-01,3.380948475948175602e-02,-8.411420770426984994e-01,3.265322896760998461e-02,-2.155472577920583832e-01,-4.665741686635466873e-02,2.491033727617131821e-01,-7.473686207184914165e-01,-3.891418984874542852e-01,-7.369636566813257683e-02,7.751654421700705511e-01,5.922619569184538468e-01
-1.515533502617825296e-03,-6.321298328868107941e-01,-5.746346624669813608e-01,-5.454585541581279395e-01,3.899963535402977688e-01,2.054819919220209901e-01,3.453216166902442485e-01,8.259382926538718153e-03,-2.396756423002698588e-01,5.175365569912747654e-01,-9.864294868990576559e-03,3.722465232291399251e-01,-4.056087564119398303e-01,6.826880609992009852e-01,2.312826510687196746e-01,2.630208585572893498e-01,-4.386542489627625607e-01,3.410507904044426247e-02,-4.027689088562692588e-01,-6.291121319053957772e-02,4.693765365811291002e-01,4.190895279060551371e-01,-2.694162373859227411e-01,8.079981315614680470e-01,-1.459954114073493125e-01,-5.180973307711029818e-01,3.021325595615955151e-01,-5.951036392735968850e-01,4.209086727196141298e-01,5.739073737356906180e-02,4.848992393725872208e-01,-1.348383547223691303e-01,1.021679309174281958e+00,-1.539696537650054042e-01,7.512534844045770654e-01,4.089286276597307590e-01,3.457755073895011910e-01,-3.954591244769030678e-01,7.572471756301694112e-01,-7.745526820959534042e-01,4.708316069716818042e-01,-1.193404750906617240e+00,-8.195773669755129776e-02,5.426745230470467751e-01,4.820796290036167275e-01,5.866689809726493010e-01,4.181391276166930848e-01,3.618743531125875323e-01,1.162582898941241671e+00,5.946387368012329144e-01
-1.419717489099376895e-01,-2.894871425495704198e-01,7.601897927365509622e-01,5.481788851281178543e-01,-4.147021556343036819e-01,-1.400381691902785608e-01,5.413057949516029144e-01,-2.117715054408902953e-01,1.808985380552096123e-01,2.687785631639247330e-01,3.907675621635278707e-01,7.206103594998784778e-02,1.629730655786225668e-01,7.158629789067458837e-01,5.804971084443139896e-03,5.021662920989069523e-01,4.786493268778785337e-01,-2.400586259716945836e-01,-6.645463150452383116e-01,-1.147961463868674842e-01,-1.895948311270845843e-01,-2.823107627978176382e-01,-1.169587960736809151e+00,-2.113751117298868359e-02,-7.308729179077098070e-01,3.983176984656627284e-01,3.338302620805970178e-01,-8.276854759219689495e-01,-2.165010761155193031e-01,-5.321411558331836655e-01,-5.843860541912425655e-01,5.311109198924023334e-01,9.806246540777362186e-02,8.625025305343351212e-01,-5.404508621662700296e-01,9.652141605192737783e-02,-3.819878150921030696e-02,-3.675716048126881907e-01,-2.143884945915579820e-01,2.553082963136132366e-01,-1.142657590521880401e-01,-6.360507777221224845e-02,5.053706545474792033e-01,3.094292760310987100e-01,-3.768399982245782542e-01,-3.011542738456101168e-02,-5.695113720790085932e-01,7.577248391720584064e-02,7.253863589310678706e-02,3.379086903857374535e-01
-6.653341067499676242e-01,2.124454536162412588e-01,-5.426746398348882838e-01,2.003241219457110589e-01,1.454567004717464140e-01,9.575640733430899887e-02,1.158931838883583802e-02,2.453416370265852076e-01,7.906867045675814998e-01,-5.388537176909530962e-03,-6.281714891091554342e-01,-2.583053620827624117e-02,-5.037806111702457512e-01,4.603076358001681467e-01,3.211097213822908247e-01,-1.759565112891000802e-02,-2.624755507429928358e-01,-6.132166515792696060e-02,-7.909604239943640244e-03,2.224064137998708612e-01,7.715281170118695742e-02,3.097145638492108666e-01,-2.392825771259329271e-01,-1.659142455746953626e-01,-1.052878602552530518e+00,-3.641218119681313703e-01,-1.480807433201283829e-01,6.832262033297638315e-02,1.286132071148097245e-01,2.237758436975224585e-01,-4.946815116815550528e-01,-2.879045516027342599e-01,8.236804447933281093e-03,1.434592854518600968e-01,4.202674925318896637e-01,-1.449364296467270108e-01,-2.168783391016963491e-01,1.811328365856760825e-01,2.545958996290071386e-01,5.148126089671191397e-02,1.255919943400068739e+00,-6.017912831816402131e-01,-8.389937825723255971e-01,-3.239931282850655458e-01,1.173122792167869133e-01,-3.584596702080323216e-01,8.415489985334569101e-02,1.136317109383684798e+00,3.315168873627483137e-01,2.935041530288926004e-01
1.096034504952187350e+00,-2.033798618277299353e-01,-7.275864810284751738e-02,1.412861840281382508e-01,2.009196150834258177e-01,-8.717587472680969618e-02,2.495662746508843788e-01,1.037424922667570526e-01,-7.805817791348519386e-01,8.921195144354072959e-02,-4.031825451809107896e-01,-2.924358697164204934e-01,6.646463844775527541e-01,5.558861494359460531e-01,5.814561606123008070e-02,7.844412794879562778e-01,2.503809019632134980e-01,5.318941265302638000e-01,-1.401827506153078065e-02,-2.749386876467866947e-01,2.675941509827035047e-01,-1.571609208628719501e-01,-1.113424878514097938e-02,2.908648003210084765e-01,-6.481642464946860693e-01,-6.562012011229910735e-01,6.902466258676688282e-01,-2.032309202426014483e-01,-2.220402563692495113e-01,3.413561899690062962e-01,-3.491955755078347545e-01,1.026400573961185003e+00,4.661812963731783999e-01,5.828632975082320700e-01,1.969094837929142028e-01,-2.617607134730570717e-01,2.757760030183378230e-01,-4.218353354569101543e-01,3.604316699041991488e-04,4.782210123398390467e-01,-2.891792794529206290e-02,-1.946428495511569323e-01,-5.202216737181551975e-01,-2.214087570817508677e-01,7.662705177400905843e-01,-1.061194178109563957e+00,5.396186643424830676e-01,6.831838204833087236e-01,8.122953577730330776e-01,7.348394065969945377e-01
2.253378580554708244e-01,2.063410160750834832e-01,3.130684081436607702e-01,5.034152367969885189e-01,-6.567590326395310318e-02,2.682106072979239531e-01,-1.485208030285503633e-01,8.551657453928927788e-02,-8.213190024914693993e-03,5.634209938829121134e-02,-1.241529819574640862e-02,7.891625384134498544e-02,8.194697661672446787e-02,-2.949014218250366470e-01,-5.714917735392187614e-01,4.324677564334056257e-01,-3.538184717022667680e-01,-8.411323965959079108e-02,1.157976747893103703e-01,4.950071192363706407e-01,-1.941779210952712109e-01,-1.125241227481404316e+00,-8.221256550719141520e-02,-1.065830914945455898e+00,4.882958414717133433e-01,4.995614645899718043e-01,-8.441801637565374827e-01,-8.370562456702355936e-02,2.031820704304255765e-01,2.468410904765145630e-01,3.923553776519164149e-01,4.788658860488549940e-01,-2.142035029248671729e-01,2.852732306420052710e-01,2.940940259544394877e-02,2.506941768611467003e-01,-2.284099706181016431e-01,3.937498969740534926e-01,-5.048994594183600082e-01,-4.811953673508325702e-01,-4.019368697652297984e-01,4.928238502788931386e-02,-6.115735143009727315e-01,9.036282494686823097e-02,4.800600467920870251e-01,-1.511934684364049097e-01,-5.611587607082385576e-01,-7.585826873315029695e-02,-5.083680979066279582e-02,4.823614522442074559e-01
-7.872216748502076644e-01,-1.181202771020175124e+00,-6.897976173689565615e-02,-4.026552209347692979e-01,-4.906650613103349379e-01,-5.601179321063037841e-01,-1.127997941273815030e-01,-8.108727946690983401e-01,-1.886643343931232175e-01,-7.090030700087678328e-01,-2.101347821510242408e-01,3.364033138525585054e-01,2.117848291011573125e-01,3.179187797898139767e-01,-2.735859684683334958e-01,-1.823716452607884730e-01,8.787836764105940723e-01,-2.104018491715911598e-01,-1.624967729694604957e-01,2.167827715953952183e-01,5.417639739057676929e-01,-7.495844338316591526e-02,2.928987966988953473e-01,5.318045266852592379e-01,6.179801070272225028e-01,-5.160190924106742433e-02,-6.528696000134347477e-01,-8.649160941356397181e-02,-6.537865464347211164e-01,-2.769519674656415464e-01,-1.605658447710168746e-01,1.574445571900952578e-01,5.055816450489075686e-01,-3.352371458973313900e-01,1.073809367848401752e-01,-1.837130487671503332e-01,7.576212610206171094e-01,-5.759366953596313232e-01,3.481058507002745550e-01,9.098356457791447749e-01,-8.836898478536935331e-01,4.410486608929617969e-01,-2.993384175363769106e-01,-6.120871906405549179e-02,1.349674766169240564e-02,6.690541922442281297e-01,-4.165352245741202886e-01,6.644051067700891267e-01,3.880252976561399669e-01,3.001882178644589283e-01
5.296058597628455766e-01,1.223857613801675043e-01,2.507205455176459430e-01,1.840425270365058374e-01,-3.357221999812902424e-02,-3.802961630510650615e-01,-9.081322875287697882e-02,-2.253452588532432466e-01,-4.685803319713239823e-01,5.993427970515862180e-01,2.513332267630288275e-01,-4.558576768861395956e-01,9.528267802633121342e-01,-7.483146781044812679e-01,5.255943008707909120e-02,-2.430938802076983152e-01,2.077229194170594762e-01,-1.142585216432190492e-01,-5.706277759190567789e-01,-2.236633141692368210e-01,-3.701739557638745182e-01,2.422999223789806811e-02,2.932837173411032006e-01,-7.120817697829175119e-02,1.532110922031678923e-01,-3.873089754421571440e-01,-1.767546061672093105e-01,2.383433656842718074e-01,-4.548622500152784132e-01,-1.437017330616000010e-01,-3.280448004608755852e-01,-6.878275033995612242e-01,-1.905444409547480122e-01,-1.436599668829588450e-01,-6.299187568984700170e-02,3.435666143185068799e-01,-1.604525497396225298e-01,9.116419153886831106e-01,-8.590712398314426235e-02,5.177298224274782257e-01,6.124597559946157732e-01,2.238947598761061811e-03,-6.211617768429024411e-03,-4.517898730650439787e-01,-5.007881087824318511e-01,1.094327211259446958e-01,3.835341453514017895e-01,-1.274631522383902482e-01,-2.465218916919701131e-01,7.139162777221182976e-01
